/*
SQLyog Ultimate v11.11 (64 bit)
MySQL - 5.5.37 : Database - newr0
*********************************************************************
*/

/*!40101 SET NAMES utf8 */;

/*!40101 SET SQL_MODE=''*/;

/*!40014 SET @OLD_UNIQUE_CHECKS=@@UNIQUE_CHECKS, UNIQUE_CHECKS=0 */;
/*!40101 SET @OLD_SQL_MODE=@@SQL_MODE, SQL_MODE='NO_AUTO_VALUE_ON_ZERO' */;
/*!40111 SET @OLD_SQL_NOTES=@@SQL_NOTES, SQL_NOTES=0 */;
/*Table structure for table `dbdocsfields_fr` */

DROP TABLE IF EXISTS `dbdocsfields_fr`;

CREATE TABLE `dbdocsfields_fr` (
  `tableName` varchar(80) COLLATE utf8_unicode_ci NOT NULL COMMENT 'Name of the table to link to',
  `fieldName` varchar(80) COLLATE utf8_unicode_ci NOT NULL COMMENT 'Name of the field to link the note to',
  `fieldComment` varchar(80) COLLATE utf8_unicode_ci DEFAULT NULL COMMENT 'Main field Note',
  `fieldNotes` text COLLATE utf8_unicode_ci NOT NULL COMMENT 'Additional Field Notes',
  PRIMARY KEY (`tableName`,`fieldName`)
) ENGINE=InnoDB DEFAULT CHARSET=utf8 COLLATE=utf8_unicode_ci;

/*Data for the table `dbdocsfields_fr` */

insert  into `dbdocsfields_fr`(`tableName`,`fieldName`,`fieldComment`,`fieldNotes`) values ('account','active_realm_id','Identifiant unique du royaume','Référence vers le royaume pour lequel ce compte est actuellement actif. Permet au client de se reconnecter directement au royaume lors de la connexion.');
insert  into `dbdocsfields_fr`(`tableName`,`fieldName`,`fieldComment`,`fieldNotes`) values ('account','email','L\'adresse e-mail associée au compte.','L\'adress e-mail associée au compte.');
insert  into `dbdocsfields_fr`(`tableName`,`fieldName`,`fieldComment`,`fieldNotes`) values ('account','expansion','Indique l\'extension à laquelle le joueur a droit.','Ce champ contrôle l\'extension à laquelle le joueur a accès. Par défaut, la valeur est 0, représentant WoW vanilla. Dans MangosZero, les autres valeurs peuvent être ignorées. <br />\r\n¬subtable:2¬\r\n<br />\r\n* Base Game Version of World of Warcraft, aussi appelé Vanilla.\r\n<br />\r\nLe serveur monde bloquera l\'accès aux zones de BC et WOLK pour les comptes ayant un 0 dans ce champ.\r\n<br />\r\nLe serveur monde bloquera l\'accès aux zones de WOLK pour les comptes ayant un 1 dans ce champ, etc..');
insert  into `dbdocsfields_fr`(`tableName`,`fieldName`,`fieldComment`,`fieldNotes`) values ('account','failed_logins','Le nombre de connexion échouée pour ce compte.','Le nombre de connexion échouée pour ce compte. Surveiller ce champ peut aider à la détection des utilisateurs tentant d\'usurper le compte d\'un autre joueur ou, plus simplement, qui ont oublié leur mot de passe.');
insert  into `dbdocsfields_fr`(`tableName`,`fieldName`,`fieldComment`,`fieldNotes`) values ('account','gmlevel','Niveau de sécurité du compte.','Niveau de sécurité du compte. Différents niveaux de sécurité existent, la correspondance commandes/niveau est définie dans la table des commandes Mangos. Les valeurs acceptées sont:<br />\r\n¬subtable:1¬');
insert  into `dbdocsfields_fr`(`tableName`,`fieldName`,`fieldComment`,`fieldNotes`) values ('account','id','L\'identifiant unique du compte.','L\'identifiant unique du compte.');
insert  into `dbdocsfields_fr`(`tableName`,`fieldName`,`fieldComment`,`fieldNotes`) values ('account','joindate','Date à laquelle le compte a été créé.','Date à laquelle le compte a été créé.');
insert  into `dbdocsfields_fr`(`tableName`,`fieldName`,`fieldComment`,`fieldNotes`) values ('account','last_ip','Dernière adresse IP ayant été utilisée pour se connecter avec ce compte.','Dernière adresse IP ayant été utilisée pour se connecter avec ce compte.');
insert  into `dbdocsfields_fr`(`tableName`,`fieldName`,`fieldComment`,`fieldNotes`) values ('account','last_login','Dernière date de connexion.','Dernière date de connexion.');
insert  into `dbdocsfields_fr`(`tableName`,`fieldName`,`fieldComment`,`fieldNotes`) values ('account','locale','Détermine les paramètres linguistiques du client de ce compte.','Si plusieurs configurations linguistiques sont configurées, le serveur retournera les informations dans la langue du client. \r\n¬subtable:3¬\r\n');
insert  into `dbdocsfields_fr`(`tableName`,`fieldName`,`fieldComment`,`fieldNotes`) values ('account','locked','Indique si le compte est bloqué ou non.','0 = Compte actif, 1 = Compte bloqué.');
insert  into `dbdocsfields_fr`(`tableName`,`fieldName`,`fieldComment`,`fieldNotes`) values ('account','mutetime','Le moment, en format Unix, lors duquel ce compte ne sera plus réduit au silence.','Le moment, en format Unix, lors duquel ce compte ne sera plus réduit au silence.<br/>\r\n<pre>SELECT `username`, FROM_UNIXTIME(`mutetime`) FROM `account`;</pre>\r\n');
insert  into `dbdocsfields_fr`(`tableName`,`fieldName`,`fieldComment`,`fieldNotes`) values ('account','s','Variable de session (Salt).','Variable de session (Salt). Initialement générée aléatoirement. Utilisée avec le hash SHA1 du couple nom d\'utilisateur / mot de passe (voir account.sha_pass_hash) produit le hash de validation (voir account.v).\r\n');
insert  into `dbdocsfields_fr`(`tableName`,`fieldName`,`fieldComment`,`fieldNotes`) values ('account','sessionkey','Clé de session.','Clé de session - Résultat validé lors de la négociatation d\'authentificationt. Permet à des clients déconnectés de se reconnecter à leur session précédente.');
insert  into `dbdocsfields_fr`(`tableName`,`fieldName`,`fieldComment`,`fieldNotes`) values ('account','sha_pass_hash','Mot de passe encrypté.','Mot de passe encrypté. L\'algorithme d\'encryption est SHA1 et produit le format suivant: username:password. L\'instruction SQL pour créér ou comparer le mot de passe est:\r\n<pre>SELECT SHA1(CONCAT(UPPER(`username`), \':\', UPPER({pass})));</pre>');
insert  into `dbdocsfields_fr`(`tableName`,`fieldName`,`fieldComment`,`fieldNotes`) values ('account','username','Le nom du compte.','Le nom du compte.');
insert  into `dbdocsfields_fr`(`tableName`,`fieldName`,`fieldComment`,`fieldNotes`) values ('account','v','La valeur hash validée.','La valeur hash validée est créée en utilisant la valeur \'s\' (Salt) appliquée sur le hash sha_pass_hash (voir account.sha_pass_hash).');
insert  into `dbdocsfields_fr`(`tableName`,`fieldName`,`fieldComment`,`fieldNotes`) values ('account_banned','active','Indique si le compte est actuellement banni.','Indique si le compte est actuellement banni.<br />\r\n¬subtable:4¬\r\n');
insert  into `dbdocsfields_fr`(`tableName`,`fieldName`,`fieldComment`,`fieldNotes`) values ('account_banned','bandate','Date de bannissement du compte, en format Unix.','Date de bannissement du compte, en format Unix.');
insert  into `dbdocsfields_fr`(`tableName`,`fieldName`,`fieldComment`,`fieldNotes`) values ('account_banned','bannedby','Nom du bannisseur.','Nom du bannisseur. (Doit avoir le droit d\'exécuter la commande .ban).');
insert  into `dbdocsfields_fr`(`tableName`,`fieldName`,`fieldComment`,`fieldNotes`) values ('account_banned','banreason','Raison du bannissement.','Raison du bannissement.');
insert  into `dbdocsfields_fr`(`tableName`,`fieldName`,`fieldComment`,`fieldNotes`) values ('account_banned','id','Identifiant du compte (Voir account.id).','Identifiant du compte (Voir account.id).');
insert  into `dbdocsfields_fr`(`tableName`,`fieldName`,`fieldComment`,`fieldNotes`) values ('account_banned','unbandate','Date de suppression automatique du bannissement.','Date de suppression automatique du bannissement, en format Unix. Une valeur inférieure à la date actuelle indique un bannissement permanent.');
insert  into `dbdocsfields_fr`(`tableName`,`fieldName`,`fieldComment`,`fieldNotes`) values ('dbdocsfields','fieldComment','zzzz','zzzz');
insert  into `dbdocsfields_fr`(`tableName`,`fieldName`,`fieldComment`,`fieldNotes`) values ('dbdocsfields','fieldName','Le nom du champ à laquelle lier la note.','Le nom du champ à laquelle lier la note.');
insert  into `dbdocsfields_fr`(`tableName`,`fieldName`,`fieldComment`,`fieldNotes`) values ('dbdocsfields','fieldNotes','Le texte de la note.','Le texte de la note.');
insert  into `dbdocsfields_fr`(`tableName`,`fieldName`,`fieldComment`,`fieldNotes`) values ('dbdocsfields','tableName','Le nom de la table à laquelle lier la note.','Le nom de la table à laquelle lier la note.');
insert  into `dbdocsfields_fr`(`tableName`,`fieldName`,`fieldComment`,`fieldNotes`) values ('dbdocsfields_fr','fieldNotes','Le texte de la note.','Le texte de la note.');
insert  into `dbdocsfields_fr`(`tableName`,`fieldName`,`fieldComment`,`fieldNotes`) values ('dbdocsfields_fr','tableName','Le nom de la table à laquelle lier la note.','Le nom de la table à laquelle lier la note.');
insert  into `dbdocsfields_fr`(`tableName`,`fieldName`,`fieldComment`,`fieldNotes`) values ('dbdocssubtables','subTableContent','zzzz','zzzz');
insert  into `dbdocsfields_fr`(`tableName`,`fieldName`,`fieldComment`,`fieldNotes`) values ('dbdocssubtables','subTableId','L\'identifiant à rechercher dans la table imbriquée.','L\'identifiant à rechercher dans la table imbriquée.');
insert  into `dbdocsfields_fr`(`tableName`,`fieldName`,`fieldComment`,`fieldNotes`) values ('dbdocssubtables','subTableNotes','zzzz','zzzz');
insert  into `dbdocsfields_fr`(`tableName`,`fieldName`,`fieldComment`,`fieldNotes`) values ('dbdocssubtables_fr','subTableContent','zzzz','zzzz');
insert  into `dbdocsfields_fr`(`tableName`,`fieldName`,`fieldComment`,`fieldNotes`) values ('dbdocssubtables_fr','subTableId','L\'identifiant à rechercher dans la table imbriquée.','L\'identifiant à rechercher dans la table imbriquée.');
insert  into `dbdocsfields_fr`(`tableName`,`fieldName`,`fieldComment`,`fieldNotes`) values ('dbdocssubtables_fr','subTableNotes','zzzz','zzzz');
insert  into `dbdocsfields_fr`(`tableName`,`fieldName`,`fieldComment`,`fieldNotes`) values ('dbdocstable','tableName','Le nom de la table à laquelle lier la note.','Le nom de la table à laquelle lier la note.');
insert  into `dbdocsfields_fr`(`tableName`,`fieldName`,`fieldComment`,`fieldNotes`) values ('dbdocstable','tableNotes','Le texte de la note de la table.','Le texte de la note de la table.');
insert  into `dbdocsfields_fr`(`tableName`,`fieldName`,`fieldComment`,`fieldNotes`) values ('dbdocstable_fr','tableName','Le nom de la table à laquelle lier la note.','Le nom de la table à laquelle lier la note.');
insert  into `dbdocsfields_fr`(`tableName`,`fieldName`,`fieldComment`,`fieldNotes`) values ('dbdocstable_fr','tableNotes','Le texte de la note de la table.','Le texte de la note de la table.');
insert  into `dbdocsfields_fr`(`tableName`,`fieldName`,`fieldComment`,`fieldNotes`) values ('ip_banned','bandate','La première date à laquelle l\'IP a été bannie, en format Unix.','La première date à laquelle l\'IP a été bannie, en format Unix.');
insert  into `dbdocsfields_fr`(`tableName`,`fieldName`,`fieldComment`,`fieldNotes`) values ('ip_banned','bannedby','Le nom du personnage qui a banni cette IP.','Le nom du personnage qui a banni cette IP (doit avoir le droit d\'exécuter la commande .ban).');
insert  into `dbdocsfields_fr`(`tableName`,`fieldName`,`fieldComment`,`fieldNotes`) values ('ip_banned','banreason','La raison du bannissement de l\'IP.','La raison du bannissement de l\'IP.');
insert  into `dbdocsfields_fr`(`tableName`,`fieldName`,`fieldComment`,`fieldNotes`) values ('ip_banned','ip','L\'adresse IP bannie.','L\'adresse IP bannie.');
insert  into `dbdocsfields_fr`(`tableName`,`fieldName`,`fieldComment`,`fieldNotes`) values ('ip_banned','unbandate','Date à laquelle l\'IP sera débannie automatiquement, en format Unix.','Date à laquelle l\'IP sera débannie automatiquement, en format Unix. Une valeur inférieure à la date actuelle indique un bannissement permanent.');
insert  into `dbdocsfields_fr`(`tableName`,`fieldName`,`fieldComment`,`fieldNotes`) values ('realmcharacters','acctid','Identifiant du compte (voir account.id).','Identifiant du compte (voir account.id).');
insert  into `dbdocsfields_fr`(`tableName`,`fieldName`,`fieldComment`,`fieldNotes`) values ('realmcharacters','numchars','Nombre de personnages pour ce compte sur le royaume.','Nombre de personnages pour ce compte sur le royaume.');
insert  into `dbdocsfields_fr`(`tableName`,`fieldName`,`fieldComment`,`fieldNotes`) values ('realmcharacters','realmid','Identifiant du royaume. (voir realmlist.id).','Identifiant du royaume. (voir realmlist.id).');
insert  into `dbdocsfields_fr`(`tableName`,`fieldName`,`fieldComment`,`fieldNotes`) values ('realmd_db_version','required_20140607_Realm_Resync','Version de la base de données \'Realm\'.','Version de la base de données \'Realm\'.');
insert  into `dbdocsfields_fr`(`tableName`,`fieldName`,`fieldComment`,`fieldNotes`) values ('realmd_db_version','required_z2426_01_realmd_relations','Version de la base de données \'Realm\'.','Version de la base de données \'Realm\'.');
insert  into `dbdocsfields_fr`(`tableName`,`fieldName`,`fieldComment`,`fieldNotes`) values ('realmlist','address','Adresse IP publique du serveur monde.','Adresse IP publique du serveur monde. 127.0.0.1 fonctionne uniquement en LAN.');
insert  into `dbdocsfields_fr`(`tableName`,`fieldName`,`fieldComment`,`fieldNotes`) values ('realmlist','allowedSecurityLevel','Niveau de sécurité minimum requis pour authentifier la connexion (voir account.g','Niveau de sécurité minimum requis pour authentifier la connexion (voir account.gmlevel). Par défaut 0, indiquant que chaque joueur normal est autorisé à jouer sur ce royaume. Uniquement utile pour construire un serveur de développement limité aux MJ.<br />\nChanger cette valeur aura un effet immédiat en jeu sur la liste des royaumes. Toutefois, afin de prendre effet, le serveur du royaume doit être redémarré.');
insert  into `dbdocsfields_fr`(`tableName`,`fieldName`,`fieldComment`,`fieldNotes`) values ('realmlist','icon','L\'icône du royaume.','L\'icône du royaume.<br />\r\n¬subtable:5¬');
insert  into `dbdocsfields_fr`(`tableName`,`fieldName`,`fieldComment`,`fieldNotes`) values ('realmlist','id','Identifiant du royaume.','Identifiant du royaume. Cette valeur est unique pour chaque royaume et DOIT être égale à la valeur RealmID du fichier de configuration mangosd.conf.');
insert  into `dbdocsfields_fr`(`tableName`,`fieldName`,`fieldComment`,`fieldNotes`) values ('realmlist','name','Le nom du royaume.','Le nom du royaume. Apparait dans la liste de sélection du royaume ainsi que dans la fenêtre de sélection des personnages.');
insert  into `dbdocsfields_fr`(`tableName`,`fieldName`,`fieldComment`,`fieldNotes`) values ('realmlist','population','Indique la population actuelle.','Ce champ indique la population actuelle et est mis à jour automatiquement. La formule pour calculer cette valeur est:<br />\r\n<pre>playerCount / maxPlayerCount * 2</pre><br />\r\n¬subtable:8¬\r\n\r\n');
insert  into `dbdocsfields_fr`(`tableName`,`fieldName`,`fieldComment`,`fieldNotes`) values ('realmlist','port','Le port de communication du royaume.','Port de communication du royaume (default: 8085). Si plusieurs royaumes doivent tourner sur la même machine et sur la même adresse IP, cette valeur doit être différente pour chaque royaume.');
insert  into `dbdocsfields_fr`(`tableName`,`fieldName`,`fieldComment`,`fieldNotes`) values ('realmlist','realmbuilds','Les versions de clients acceptées par ce royaume.','Les versions de clients acceptées par ce royaume. (Vous pouvez voir la version du client dans le coin inférieur gauche)<br />\r\nLe format est Version No. {space} Version No. <pre>xxxx xxxx xxxx</pre><br />\r\nLes valeurs acceptées sont:\r\n¬subtable:9¬\r\n');
insert  into `dbdocsfields_fr`(`tableName`,`fieldName`,`fieldComment`,`fieldNotes`) values ('realmlist','realmflags','Masques supportés pour le royaume, basés sur la table ci-dessous.','Masques supportés pour le royaume, basé sur la table ci-dessous.<br />\r\n¬subtable:6¬');
insert  into `dbdocsfields_fr`(`tableName`,`fieldName`,`fieldComment`,`fieldNotes`) values ('realmlist','timezone','Le fuseau horaire du royaume.','Le fuseau horaire du royaume, sera affiché dans l\'onglet de la liste des royaumes.<br />\r\n¬subtable:7¬\r\n');
insert  into `dbdocsfields_fr`(`tableName`,`fieldName`,`fieldComment`,`fieldNotes`) values ('uptime','maxplayers','Le nombre maximum de joueurs connectés.','Le nombre maximum de joueurs connectés.');
insert  into `dbdocsfields_fr`(`tableName`,`fieldName`,`fieldComment`,`fieldNotes`) values ('uptime','realmid','Identifiant du royaume (voir realmlist.id).','Identifiant du royaume (voir realmlist.id).');
insert  into `dbdocsfields_fr`(`tableName`,`fieldName`,`fieldComment`,`fieldNotes`) values ('uptime','startstring','Date de démarrage du serveur dans un format lisible.','Date de démarrage du serveur dans un format lisible.');
insert  into `dbdocsfields_fr`(`tableName`,`fieldName`,`fieldComment`,`fieldNotes`) values ('uptime','starttime','Date de démarrage du serveur, en format Unix.','Date de démarrage du serveur, en format Unix.');
insert  into `dbdocsfields_fr`(`tableName`,`fieldName`,`fieldComment`,`fieldNotes`) values ('uptime','uptime','Temps d\'activité du serveur, en secondes.','Temps d\'activité du serveur, en secondes.');

/*Table structure for table `dbdocssubtables_fr` */

DROP TABLE IF EXISTS `dbdocssubtables_fr`;

CREATE TABLE `dbdocssubtables_fr` (
  `subTableId` int(11) NOT NULL COMMENT 'Unique Lookup Id',
  `subTableName` varchar(80) DEFAULT NULL COMMENT 'Description of Content',
  `subTableContent` text NOT NULL COMMENT 'The Sub Table Content',
  `subTableTemplate` text NOT NULL COMMENT 'The Sub Table Template',
  PRIMARY KEY (`subTableId`)
) ENGINE=InnoDB DEFAULT CHARSET=utf8;

/*Data for the table `dbdocssubtables_fr` */

insert  into `dbdocssubtables_fr`(`subTableId`,`subTableName`,`subTableContent`,`subTableTemplate`) values (1,'Niveau de MJ','<table border=\'1\' cellspacing=\'1\' cellpadding=\'3\' bgcolor=\'#f0f0f0\'>\r\n<tr bgcolor=\'#f0f0ff\'>\r\n<th><b>Valeur</b></th>\r\n<th align=\'left\'><b>Description</b></th>\r\n<tr bgcolor=\'#FFFFEE\'><td align=\'center\' valign=\'middle\'>0</td><td align=\'left\' valign=\'middle\'>Joueur </td></tr>\r\n<tr bgcolor=\'#FEFEFF\'><td align=\'center\' valign=\'middle\'>\r\n1</td><td align=\'left\' valign=\'middle\'>Modérateur </td></tr>\r\n<tr bgcolor=\'#FFFFEE\'><td align=\'center\' valign=\'middle\'>\r\n2</td><td align=\'left\' valign=\'middle\'>Maitre de Jeu </td></tr>\r\n<tr bgcolor=\'#FEFEFF\'><td align=\'center\' valign=\'middle\'>\r\n3</td><td align=\'left\' valign=\'middle\'>Administrateur </td></tr>\r\n<tr bgcolor=\'#FFFFEE\'><td align=\'center\' valign=\'middle\'>\r\n4</td><td align=\'left\' valign=\'middle\'>Contrôle d\'accès dans la console du serveur seulement </td></tr>\r\n</table>','');
insert  into `dbdocssubtables_fr`(`subTableId`,`subTableName`,`subTableContent`,`subTableTemplate`) values (2,'Extensions','<table border=\'1\' cellspacing=\'1\' cellpadding=\'3\' bgcolor=\'#f0f0f0\'>\r\n<tr bgcolor=\'#f0f0ff\'>\r\n<th><b>Valeur</b></th>\r\n<th align=\'left\'><b>Extension</b></th>\r\n<tr bgcolor=\'#FFFFEE\'><td align=\'center\' valign=\'middle\'>0</td><td align=\'left\' valign=\'middle\'>World of Warcraft *</td></tr>\r\n<tr bgcolor=\'#FEFEFF\'><td align=\'center\' valign=\'middle\'>\r\n1</td><td align=\'left\' valign=\'middle\'>Burning Crusade </td></tr>\r\n<tr bgcolor=\'#FFFFEE\'><td align=\'center\' valign=\'middle\'>\r\n2</td><td align=\'left\' valign=\'middle\'>Wrath of the Lich King </td></tr>\r\n<tr bgcolor=\'#FEFEFF\'><td align=\'center\' valign=\'middle\'>\r\n3</td><td align=\'left\' valign=\'middle\'>Cataclysm </td></tr>\r\n<tr bgcolor=\'#FFFFEE\'><td align=\'center\' valign=\'middle\'>\r\n4</td><td align=\'left\' valign=\'middle\'>Mists of Pandaria</td></tr>\r\n<tr bgcolor=\'#FEFEFF\'><td align=\'center\' valign=\'middle\'>\r\n5</td><td align=\'left\' valign=\'middle\'>Warlords of Draenor</td></tr>\r\n</table>','');
insert  into `dbdocssubtables_fr`(`subTableId`,`subTableName`,`subTableContent`,`subTableTemplate`) values (3,'Langues','<table border=\'1\' cellspacing=\'1\' cellpadding=\'3\' bgcolor=\'#f0f0f0\'>\r\n<tr bgcolor=\'#f0f0ff\'>\r\n<th><b>Valeur</b></th>\r\n<th align=\'left\'><b>Langue</b></th>\r\n<tr bgcolor=\'#FFFFEE\'><td align=\'center\' valign=\'middle\'>0</td><td align=\'left\' valign=\'middle\'>Anglais </td></tr>\r\n<tr bgcolor=\'#FEFEFF\'><td align=\'center\' valign=\'middle\'>\r\n1</td><td align=\'left\' valign=\'middle\'>Coréen </td></tr>\r\n<tr bgcolor=\'#FFFFEE\'><td align=\'center\' valign=\'middle\'>\r\n2</td><td align=\'left\' valign=\'middle\'>Français </td></tr>\r\n<tr bgcolor=\'#FEFEFF\'><td align=\'center\' valign=\'middle\'>\r\n3</td><td align=\'left\' valign=\'middle\'>Allemand </td></tr>\r\n<tr bgcolor=\'#FFFFEE\'><td align=\'center\' valign=\'middle\'>\r\n4</td><td align=\'left\' valign=\'middle\'>Chinois </td></tr>\r\n<tr bgcolor=\'#FEFEFF\'><td align=\'center\' valign=\'middle\'>\r\n5</td><td align=\'left\' valign=\'middle\'>Taiwanais </td></tr>\r\n<tr bgcolor=\'#FFFFEE\'><td align=\'center\' valign=\'middle\'>\r\n6</td><td align=\'left\' valign=\'middle\'>Espagnol (Espagne)</td></tr>\r\n<tr bgcolor=\'#FEFEFF\'><td align=\'center\' valign=\'middle\'>\r\n7</td><td align=\'left\' valign=\'middle\'>Espagnol (Amérique Latine) </td></tr>\r\n<tr bgcolor=\'#FFFFEE\'><td align=\'center\' valign=\'middle\'>\r\n8</td><td align=\'left\' valign=\'middle\'>Russe </td></tr>\r\n</table>\r\n','');
insert  into `dbdocssubtables_fr`(`subTableId`,`subTableName`,`subTableContent`,`subTableTemplate`) values (4,'Statut de bannissement','<table border=\'1\' cellspacing=\'1\' cellpadding=\'3\' bgcolor=\'#f0f0f0\'>\r\n<tr bgcolor=\'#f0f0ff\'>\r\n<th><b>Valeur</b></th>\r\n<th align=\'left\'><b>Description</b></th>\r\n<tr bgcolor=\'#FFFFEE\'><td align=\'center\' valign=\'middle\'>0</td><td align=\'left\' valign=\'middle\'>Bannissement actif </td></tr>\r\n<tr bgcolor=\'#FEFEFF\'><td align=\'center\' valign=\'middle\'>1</td><td align=\'left\' valign=\'middle\'>Bannissement inactif </td></tr>\r\n<tr bgcolor=\'#FFFFEE\'></tr>\r\n</table>','');
insert  into `dbdocssubtables_fr`(`subTableId`,`subTableName`,`subTableContent`,`subTableTemplate`) values (5,'Type de Royaume.','<table border=\'1\' cellspacing=\'1\' cellpadding=\'3\' bgcolor=\'#f0f0f0\'>\r\n<tr bgcolor=\'#f0f0ff\'>\r\n<th><b>Icône</b></th>\r\n<th align=\'left\'><b>Description</b></th>\r\n<tr bgcolor=\'#FFFFEE\'><td align=\'center\' valign=\'middle\'>0</td><td align=\'left\' valign=\'middle\'>Normal</td></tr>\r\n<tr bgcolor=\'#FEFEFF\'><td align=\'center\' valign=\'middle\'>1</td><td align=\'left\' valign=\'middle\'>JcJ</td></tr>\r\n<tr bgcolor=\'#FFFFEE\'><td align=\'center\' valign=\'middle\'>4</td><td align=\'left\' valign=\'middle\'>Normal</td></tr>\r\n<tr bgcolor=\'#FEFEFF\'><td align=\'center\' valign=\'middle\'>6</td><td align=\'left\' valign=\'middle\'>JdR</td></tr>\r\n<tr bgcolor=\'#FFFFEE\'><td align=\'center\' valign=\'middle\'>8</td><td align=\'left\' valign=\'middle\'>JdR JcJ</td></tr>\r\n<tr bgcolor=\'#FEFEFF\'></tr>\r\n</table>','');
insert  into `dbdocssubtables_fr`(`subTableId`,`subTableName`,`subTableContent`,`subTableTemplate`) values (6,'Type de Royaume','<table border=\'1\' cellspacing=\'1\' cellpadding=\'3\' bgcolor=\'#f0f0f0\'>\r\n<tr bgcolor=\'#f0f0ff\'>\r\n<th><b>Valeur</b></th>\r\n<th align=\'left\'><b>Description</b></th>\r\n<tr bgcolor=\'#FFFFEE\'><td align=\'center\' valign=\'middle\'>0x1</td><td align=\'left\' valign=\'middle\'>Invalide - Pas visible dans la liste</td></tr>\r\n<tr bgcolor=\'#FEFEFF\'><td align=\'center\' valign=\'middle\'>0x2</td><td align=\'left\' valign=\'middle\'>Déconnecté - défini par mangos</td></tr>\r\n<tr bgcolor=\'#FFFFEE\'><td align=\'center\' valign=\'middle\'>0x4</td><td align=\'left\' valign=\'middle\'>Montre la version dans la liste de royaumes.</td></tr>\r\n<tr bgcolor=\'#FEFEFF\'><td align=\'center\' valign=\'middle\'>0x20</td><td align=\'left\' valign=\'middle\'>Nouveau joueurs - Nouveau joueurs seulement</td></tr>\r\n<tr bgcolor=\'#FFFFEE\'><td align=\'center\' valign=\'middle\'>0x40</td><td align=\'left\' valign=\'middle\'>Recommandé - Ajoute le label recommandé</td></tr>\r\n<tr bgcolor=\'#FEFEFF\'></tr>\r\n</table>','');
insert  into `dbdocssubtables_fr`(`subTableId`,`subTableName`,`subTableContent`,`subTableTemplate`) values (7,'Fuseau horaires','<table border=\'1\' cellspacing=\'1\' cellpadding=\'3\' bgcolor=\'#f0f0f0\'>\r\n<tr bgcolor=\'#f0f0ff\'>\r\n<th><b>ID Fuseau Horaire</b></th>\r\n<th align=\'left\'><b>Nom</b></th>\r\n<tr bgcolor=\'#FFFFEE\'><td align=\'center\' valign=\'middle\'>1</td><td align=\'left\' valign=\'middle\'>Développement</td></tr>\r\n<tr bgcolor=\'#FEFEFF\'><td align=\'center\' valign=\'middle\'>2</td><td align=\'left\' valign=\'middle\'>Etats-Unis</td></tr>\r\n<tr bgcolor=\'#FFFFEE\'><td align=\'center\' valign=\'middle\'>3</td><td align=\'left\' valign=\'middle\'>Océanique</td></tr>\r\n<tr bgcolor=\'#FEFEFF\'><td align=\'center\' valign=\'middle\'>4</td><td align=\'left\' valign=\'middle\'>Amérique Latine</td></tr>\r\n<tr bgcolor=\'#FFFFEE\'><td align=\'center\' valign=\'middle\'>5</td><td align=\'left\' valign=\'middle\'>Tournoi</td></tr>\r\n<tr bgcolor=\'#FEFEFF\'><td align=\'center\' valign=\'middle\'>6</td><td align=\'left\' valign=\'middle\'>Corée</td></tr>\r\n<tr bgcolor=\'#FFFFEE\'><td align=\'center\' valign=\'middle\'>7</td><td align=\'left\' valign=\'middle\'>Tournoi</td></tr>\r\n<tr bgcolor=\'#FEFEFF\'><td align=\'center\' valign=\'middle\'>8</td><td align=\'left\' valign=\'middle\'>Anglais</td></tr>\r\n<tr bgcolor=\'#FFFFEE\'><td align=\'center\' valign=\'middle\'>9</td><td align=\'left\' valign=\'middle\'>Allemand</td></tr>\r\n<tr bgcolor=\'#FEFEFF\'><td align=\'center\' valign=\'middle\'>10</td><td align=\'left\' valign=\'middle\'>Français</td></tr>\r\n<tr bgcolor=\'#FFFFEE\'><td align=\'center\' valign=\'middle\'>11</td><td align=\'left\' valign=\'middle\'>Espagnol</td></tr>\r\n<tr bgcolor=\'#FEFEFF\'><td align=\'center\' valign=\'middle\'>12</td><td align=\'left\' valign=\'middle\'>Russe</td></tr>\r\n<tr bgcolor=\'#FFFFEE\'><td align=\'center\' valign=\'middle\'>13</td><td align=\'left\' valign=\'middle\'>Tournoi</td></tr>\r\n<tr bgcolor=\'#FEFEFF\'><td align=\'center\' valign=\'middle\'>14</td><td align=\'left\' valign=\'middle\'>Taïwan</td></tr>\r\n<tr bgcolor=\'#FFFFEE\'><td align=\'center\' valign=\'middle\'>15</td><td align=\'left\' valign=\'middle\'>Tournament</td></tr>\r\n<tr bgcolor=\'#FEFEFF\'><td align=\'center\' valign=\'middle\'>16</td><td align=\'left\' valign=\'middle\'>Chine</td></tr>\r\n<tr bgcolor=\'#FFFFEE\'><td align=\'center\' valign=\'middle\'>17</td><td align=\'left\' valign=\'middle\'>CN1</td></tr>\r\n<tr bgcolor=\'#FEFEFF\'><td align=\'center\' valign=\'middle\'>18</td><td align=\'left\' valign=\'middle\'>CN2</td></tr>\r\n<tr bgcolor=\'#FFFFEE\'><td align=\'center\' valign=\'middle\'>19</td><td align=\'left\' valign=\'middle\'>CN3</td></tr>\r\n<tr bgcolor=\'#FEFEFF\'><td align=\'center\' valign=\'middle\'>20</td><td align=\'left\' valign=\'middle\'>CN4</td></tr>\r\n<tr bgcolor=\'#FFFFEE\'><td align=\'center\' valign=\'middle\'>21</td><td align=\'left\' valign=\'middle\'>CN5</td></tr>\r\n<tr bgcolor=\'#FEFEFF\'><td align=\'center\' valign=\'middle\'>22</td><td align=\'left\' valign=\'middle\'>CN6</td></tr>\r\n<tr bgcolor=\'#FFFFEE\'><td align=\'center\' valign=\'middle\'>23</td><td align=\'left\' valign=\'middle\'>CN7</td></tr>\r\n<tr bgcolor=\'#FEFEFF\'><td align=\'center\' valign=\'middle\'>24</td><td align=\'left\' valign=\'middle\'>CN8</td></tr>\r\n<tr bgcolor=\'#FFFFEE\'><td align=\'center\' valign=\'middle\'>25</td><td align=\'left\' valign=\'middle\'>Tournoi</td></tr>\r\n<tr bgcolor=\'#FEFEFF\'><td align=\'center\' valign=\'middle\'>26</td><td align=\'left\' valign=\'middle\'>Royaume de  test</td></tr>\r\n<tr bgcolor=\'#FFFFEE\'><td align=\'center\' valign=\'middle\'>27</td><td align=\'left\' valign=\'middle\'>Tournoi</td></tr>\r\n<tr bgcolor=\'#FEFEFF\'><td align=\'center\' valign=\'middle\'>28</td><td align=\'left\' valign=\'middle\'>Serveur QA</td></tr>\r\n<tr bgcolor=\'#FFFFEE\'><td align=\'center\' valign=\'middle\'>29</td><td align=\'left\' valign=\'middle\'>CN9</td></tr>\r\n</table>\r\n','');
insert  into `dbdocssubtables_fr`(`subTableId`,`subTableName`,`subTableContent`,`subTableTemplate`) values (8,'Niveau de population','<table border=\'1\' cellspacing=\'1\' cellpadding=\'3\' bgcolor=\'#f0f0f0\'>\r\n<tr bgcolor=\'#f0f0ff\'>\r\n<th><b>Population</b></th>\r\n<th align=\'left\'><b>Niveau de population</b></th>\r\n<tr bgcolor=\'#FFFFEE\'><td align=\'center\' valign=\'middle\'>0.5</td><td align=\'left\' valign=\'middle\'>Faible</td></tr>\r\n<tr bgcolor=\'#FEFEFF\'><td align=\'center\' valign=\'middle\'>1.0</td><td align=\'left\' valign=\'middle\'>Moyen</td></tr>\r\n<tr bgcolor=\'#FFFFEE\'><td align=\'center\' valign=\'middle\'>2.0</td><td align=\'left\' valign=\'middle\'>Elevé</td></tr>\r\n<tr bgcolor=\'#FEFEFF\'></tr>\r\n</table>','');
insert  into `dbdocssubtables_fr`(`subTableId`,`subTableName`,`subTableContent`,`subTableTemplate`) values (9,'Versions de royaumes','<table border=\'1\' cellspacing=\'1\' cellpadding=\'3\' bgcolor=\'#f0f0f0\'>\r\n<tr bgcolor=\'#f0f0ff\'>\r\n<th><b>Core</b></th>\r\n<th align=\'left\'><b>Numéro de version(s)</b></th>\r\n<th align=\'left\'><b>Version Number</b></th>\r\n<tr bgcolor=\'#FFFFEE\'><td align=\'center\' valign=\'middle\'>MangosZero</td><td align=\'left\' valign=\'middle\'>5875 6005 6141</td><td align=\'left\' valign=\'middle\'>Vanila 1.12.x</td></tr>\r\n<tr bgcolor=\'#FEFEFF\'><td align=\'center\' valign=\'middle\'>MangosOne</td><td align=\'left\' valign=\'middle\'>8606</td><td align=\'left\' valign=\'middle\'>TBC 2.4.3</td></tr>\r\n<tr bgcolor=\'#FFFFEE\'><td align=\'center\' valign=\'middle\'>MangosTwo</td><td align=\'left\' valign=\'middle\'>12340</td><td align=\'left\' valign=\'middle\'>WOTLK 3.3.5a</td></tr>\r\n<tr bgcolor=\'#FEFEFF\'><td align=\'center\' valign=\'middle\'>MangosThree</td><td align=\'left\' valign=\'middle\'>15595</td><td align=\'left\' valign=\'middle\'>Cataclysm 4.3.4</td></tr>\r\n<tr bgcolor=\'#FFFFEE\'><td align=\'center\' valign=\'middle\'>MangosFour</td><td align=\'left\' valign=\'middle\'>18414</td><td align=\'left\' valign=\'middle\'>Mists of Pandaria 5.4.8</td></tr>\r\n<tr bgcolor=\'#FEFEFF\'></tr>\r\n</table>','');

/*Table structure for table `dbdocstable_fr` */

DROP TABLE IF EXISTS `dbdocstable_fr`;

CREATE TABLE `dbdocstable_fr` (
  `tableName` varchar(80) COLLATE utf8_unicode_ci NOT NULL COMMENT 'Name of the table to add additional notes to',
  `tableNotes` text COLLATE utf8_unicode_ci NOT NULL COMMENT 'The additional note to be added to the table',
  PRIMARY KEY (`tableName`)
) ENGINE=InnoDB DEFAULT CHARSET=utf8 COLLATE=utf8_unicode_ci;

/*Data for the table `dbdocstable_fr` */

insert  into `dbdocstable_fr`(`tableName`,`tableNotes`) values ('account','Cette table contient toutes les informations relatives aux comptes.');
insert  into `dbdocstable_fr`(`tableName`,`tableNotes`) values ('account_banned','Cette table contient toutes les informations relatives aux comptes bannis ainsi que la durée du bannissement.');
insert  into `dbdocstable_fr`(`tableName`,`tableNotes`) values ('dbdocsfields','Cette table est une partie de l\'implémentation du projet MDD: \'Mangos Database Documentation\'. \r\n\r\nUne entrée dans cette table fournit un lien vers la table et un champ permet l\'ajout de notes additionnelles pour leur description dans le Wiki.');
insert  into `dbdocstable_fr`(`tableName`,`tableNotes`) values ('dbdocsfields_fr','Cette table est une partie de l\'implémentation du projet MDD: \'Mangos Database Documentation\'. \r\n\r\nUne entrée dans cette table fournit un lien vers la table et un champ permet l\'ajout de notes additionnelles pour leur description dans le Wiki.');
insert  into `dbdocstable_fr`(`tableName`,`tableNotes`) values ('dbdocssubtables','Cette table est une partie de l\'implémentation du projet MDD: \'Mangos Database Documentation\'.\r\n\r\nUne entrée dans cette table fournit une table qui remplace directement le lien dans la description du champ.');
insert  into `dbdocstable_fr`(`tableName`,`tableNotes`) values ('dbdocssubtables_fr','Cette table est une partie de l\'implémentation du projet MDD: \'Mangos Database Documentation\'.\r\n\r\nUne entrée dans cette table fournit une table qui remplace directement le lien dans la description du champ.');
insert  into `dbdocstable_fr`(`tableName`,`tableNotes`) values ('dbdocstable','Cette table est une partie de l\'implémentation du projet MDD: \'Mangos Database Documentation\'.\r\n\r\nAn entry in this table provides a additional notes field to describe the database in the Wiki.');
insert  into `dbdocstable_fr`(`tableName`,`tableNotes`) values ('dbdocstable_fr','Cette table est une partie de l\'implémentation du projet MDD: \'Mangos Database Documentation\'.\r\n\r\nAn entry in this table provides a additional notes field to describe the database in the Wiki.');
insert  into `dbdocstable_fr`(`tableName`,`tableNotes`) values ('ip_banned','Cette table contient toutes les IP bannies ainsi que la durée du bannissement.');
insert  into `dbdocstable_fr`(`tableName`,`tableNotes`) values ('realmcharacters','Cette table contient les informations relatives au nombre de personnages pour chaque compte et chaque royaume.');
insert  into `dbdocstable_fr`(`tableName`,`tableNotes`) values ('realmd_db_version','Cette table contient la version de la base de données.');
insert  into `dbdocstable_fr`(`tableName`,`tableNotes`) values ('realmlist','Cette table contient les informations sur les royaumes.');
insert  into `dbdocstable_fr`(`tableName`,`tableNotes`) values ('uptime','Cette table contient l\'information de disponibilité de chaque royaume. Chaque royaume met à jour automatiquement sa dernière entrée jusqu\'à son arrêt. Permet également la collecte de statistiques relative à l\'activité du royaume.');

/*!40101 SET SQL_MODE=@OLD_SQL_MODE */;
/*!40014 SET UNIQUE_CHECKS=@OLD_UNIQUE_CHECKS */;
/*!40111 SET SQL_NOTES=@OLD_SQL_NOTES */;
